metric,value
AP@[.50:.95],0.007108292079207921
AP@.50,0.008613861386138613
AP@.75,0.007339108910891089
AP_small,0.0019515362250510765
AP_medium,0.006505569306930693
AP_large,0.011357260726072606
AR@1,0.003866009423521341
AR@10,0.004646393794735909
AR@100,0.004646393794735909
AR_small,0.001269437670721106
AR_medium,0.004992575384344741
AR_large,0.010272245909720168
