metric,value
AP@[.50:.95],0.012215679418072002
AP@.50,0.014832019681881716
AP@.75,0.012806632486213793
AP_small,0.004914435117514616
AP_medium,0.012161555267827556
AP_large,0.016969128920127287
AR@1,0.006604684037005572
AR@10,0.009291523149168462
AR@100,0.00929987426729039
AR_small,0.003966848886630745
AR_medium,0.01016605370072764
AR_large,0.015317146330773395
