metric,value
AP@[.50:.95],0.0005445544554455446
AP@.50,0.0006188118811881188
AP@.75,0.0006188118811881188
AP_small,0.00034653465346534646
AP_medium,0.000532178217821782
AP_large,0.0012871287128712865
AR@1,0.00022886430283219274
AR@10,0.0002900531140210039
AR@100,0.0002900531140210039
AR_small,0.0002916666666666667
AR_medium,0.0003914980368468741
AR_large,0.001212069180819181
